Target,x,y,sigma_max,r95,R_best_raw,R_best_capped,R_max,coverable_radius,coverable_fraction,num_samples
T0,-1200.0,1500.0,303.17294237931344,505.1040435321625,874.8658665061874,450.0,450.0,259.8076211353316,0.006666666666666667,150
T1,4000.0,4000.0,619.222782256753,961.2149723708551,1664.8731691422358,450.0,450.0,259.8076211353316,0.2111111111111111,180
T2,-900.0,6500.0,524.615638876228,760.7562359319945,1317.6684528090705,450.0,450.0,259.8076211353316,0.023529411764705882,170
T3,4500.0,8000.0,289.7915128298824,706.3355547521476,1223.4090680230681,450.0,450.0,259.8076211353316,0.3894736842105263,190
